round_index,observed_on,point_code,item_code,cumulative_value,unit,missing,raw_text
13,2026-03-26,SYN-CV-01,column_v_disp,-1.6,mm,0,
13,2026-03-26,SYN-CV-02,column_v_disp,-1.6,mm,0,
13,2026-03-26,SYN-CV-03,column_v_disp,-1.5,mm,0,
13,2026-03-26,SYN-CV-04,column_v_disp,-1.6,mm,0,
13,2026-03-26,SYN-CV-05,column_v_disp,-1.6,mm,0,
13,2026-03-26,SYN-CV-06,column_v_disp,-1.6,mm,0,
13,2026-03-26,SYN-CV-07,column_v_disp,-1.6,mm,0,
13,2026-03-26,SYN-CV-08,column_v_disp,-1.6,mm,0,
13,2026-03-26,SYN-CV-09,column_v_disp,-1.6,mm,0,
13,2026-03-26,SYN-CV-10,column_v_disp,-1.6,mm,0,
13,2026-03-26,SYN-CV-11,column_v_disp,-1.6,mm,0,
13,2026-03-26,SYN-CV-12,column_v_disp,-1.6,mm,0,
13,2026-03-26,SYN-CV-13,column_v_disp,-1.5,mm,0,
13,2026-03-26,SYN-CV-14,column_v_disp,-1.6,mm,0,
13,2026-03-26,SYN-CV-15,column_v_disp,-1.6,mm,0,
13,2026-03-26,SYN-CV-16,column_v_disp,-1.6,mm,0,
13,2026-03-26,SYN-CV-17,column_v_disp,-1.5,mm,0,
13,2026-03-26,SYN-CV-18,column_v_disp,-1.6,mm,0,
13,2026-03-26,SYN-CV-19,column_v_disp,-1.5,mm,0,
13,2026-03-26,SYN-CV-20,column_v_disp,-1.6,mm,0,
13,2026-03-26,SYN-CV-21,column_v_disp,-1.6,mm,0,
13,2026-03-26,SYN-CV-22,column_v_disp,-1.5,mm,0,
13,2026-03-26,SYN-CV-23,column_v_disp,-1.5,mm,0,
13,2026-03-26,SYN-CV-24,column_v_disp,-1.6,mm,0,
13,2026-03-26,SYN-CV-25,column_v_disp,-1.5,mm,0,
13,2026-03-26,SYN-CV-26,column_v_disp,-1.6,mm,0,
13,2026-03-26,SYN-CV-27,column_v_disp,-1.6,mm,0,
13,2026-03-26,SYN-CV-28,column_v_disp,-1.5,mm,0,
13,2026-03-26,SYN-DH-01,deep_h_disp,13.6,mm,0,
13,2026-03-26,SYN-DH-02,deep_h_disp,13.4,mm,0,
13,2026-03-26,SYN-DH-03,deep_h_disp,12.6,mm,0,
13,2026-03-26,SYN-DH-04,deep_h_disp,13.1,mm,0,
13,2026-03-26,SYN-DH-05,deep_h_disp,13.5,mm,0,
13,2026-03-26,SYN-DH-06,deep_h_disp,13.3,mm,0,
13,2026-03-26,SYN-DH-07,deep_h_disp,12.6,mm,0,
13,2026-03-26,SYN-DH-08,deep_h_disp,13.4,mm,0,
13,2026-03-26,SYN-DH-09,deep_h_disp,13.7,mm,0,
13,2026-03-26,SYN-DH-10,deep_h_disp,13.1,mm,0,
13,2026-03-26,SYN-DH-11,deep_h_disp,13.2,mm,0,
13,2026-03-26,SYN-DH-12,deep_h_disp,13.2,mm,0,
13,2026-03-26,SYN-DH-13,deep_h_disp,13.2,mm,0,
13,2026-03-26,SYN-DH-14,deep_h_disp,13.3,mm,0,
13,2026-03-26,SYN-DH-15,deep_h_disp,13.1,mm,0,
13,2026-03-26,SYN-DH-16,deep_h_disp,12.3,mm,0,
13,2026-03-26,SYN-DH-17,deep_h_disp,13.2,mm,0,
13,2026-03-26,SYN-DH-18,deep_h_disp,13.0,mm,0,
13,2026-03-26,SYN-DH-19,deep_h_disp,13.1,mm,0,
13,2026-03-26,SYN-DH-20,deep_h_disp,13.3,mm,0,
13,2026-03-26,SYN-DH-21,deep_h_disp,12.6,mm,0,
13,2026-03-26,SYN-DH-22,deep_h_disp,13.2,mm,0,
13,2026-03-26,SYN-DH-23,deep_h_disp,13.4,mm,0,
13,2026-03-26,SYN-DH-24,deep_h_disp,13.4,mm,0,
13,2026-03-26,SYN-DH-25,deep_h_disp,13.2,mm,0,
13,2026-03-26,SYN-DH-26,deep_h_disp,13.7,mm,0,
13,2026-03-26,SYN-DH-27,deep_h_disp,13.3,mm,0,
13,2026-03-26,SYN-DH-28,deep_h_disp,13.9,mm,0,
13,2026-03-26,SYN-PB-01,pit_bottom_heave,-2.3,mm,0,
13,2026-03-26,SYN-PB-02,pit_bottom_heave,-2.4,mm,0,
13,2026-03-26,SYN-PB-03,pit_bottom_heave,-2.3,mm,0,
13,2026-03-26,SYN-PB-04,pit_bottom_heave,-2.3,mm,0,
13,2026-03-26,SYN-PB-05,pit_bottom_heave,-2.3,mm,0,
13,2026-03-26,SYN-PB-06,pit_bottom_heave,-2.3,mm,0,
13,2026-03-26,SYN-PB-07,pit_bottom_heave,-2.3,mm,0,
13,2026-03-26,SYN-PB-08,pit_bottom_heave,-2.4,mm,0,
13,2026-03-26,SYN-PB-09,pit_bottom_heave,-2.4,mm,0,
13,2026-03-26,SYN-PB-10,pit_bottom_heave,-2.3,mm,0,
13,2026-03-26,SYN-PB-11,pit_bottom_heave,-2.3,mm,0,
13,2026-03-26,SYN-PB-12,pit_bottom_heave,-2.3,mm,0,
13,2026-03-26,SYN-PB-13,pit_bottom_heave,-2.4,mm,0,
13,2026-03-26,SYN-PB-14,pit_bottom_heave,-2.4,mm,0,
13,2026-03-26,SYN-PB-15,pit_bottom_heave,-2.5,mm,0,
13,2026-03-26,SYN-PB-16,pit_bottom_heave,-2.4,mm,0,
13,2026-03-26,SYN-PB-17,pit_bottom_heave,-2.3,mm,0,
13,2026-03-26,SYN-PB-18,pit_bottom_heave,-2.4,mm,0,
13,2026-03-26,SYN-PB-19,pit_bottom_heave,-2.3,mm,0,
13,2026-03-26,SYN-PB-20,pit_bottom_heave,-2.4,mm,0,
13,2026-03-26,SYN-PB-21,pit_bottom_heave,-2.3,mm,0,
13,2026-03-26,SYN-PB-22,pit_bottom_heave,-2.3,mm,0,
13,2026-03-26,SYN-PB-23,pit_bottom_heave,-2.4,mm,0,
13,2026-03-26,SYN-PB-24,pit_bottom_heave,-2.3,mm,0,
13,2026-03-26,SYN-PB-25,pit_bottom_heave,-2.4,mm,0,
13,2026-03-26,SYN-PB-26,pit_bottom_heave,-2.3,mm,0,
13,2026-03-26,SYN-PB-27,pit_bottom_heave,-2.3,mm,0,
13,2026-03-26,SYN-PB-28,pit_bottom_heave,-2.3,mm,0,
13,2026-03-26,SYN-PF-01,prop_force,17,kN,0,
13,2026-03-26,SYN-PF-02,prop_force,17,kN,0,
13,2026-03-26,SYN-PF-03,prop_force,19,kN,0,
13,2026-03-26,SYN-PF-04,prop_force,17,kN,0,
13,2026-03-26,SYN-PF-05,prop_force,17,kN,0,
13,2026-03-26,SYN-PF-06,prop_force,17,kN,0,
13,2026-03-26,SYN-PF-07,prop_force,18,kN,0,
13,2026-03-26,SYN-PF-08,prop_force,18,kN,0,
13,2026-03-26,SYN-PF-09,prop_force,17,kN,0,
13,2026-03-26,SYN-PF-10,prop_force,18,kN,0,
13,2026-03-26,SYN-PF-11,prop_force,18,kN,0,
13,2026-03-26,SYN-PF-12,prop_force,17,kN,0,
13,2026-03-26,SYN-PF-13,prop_force,18,kN,0,
13,2026-03-26,SYN-PF-14,prop_force,18,kN,0,
13,2026-03-26,SYN-PF-15,prop_force,18,kN,0,
13,2026-03-26,SYN-PF-16,prop_force,18,kN,0,
13,2026-03-26,SYN-PF-17,prop_force,18,kN,0,
13,2026-03-26,SYN-PF-18,prop_force,18,kN,0,
13,2026-03-26,SYN-PF-19,prop_force,18,kN,0,
13,2026-03-26,SYN-PF-20,prop_force,18,kN,0,
13,2026-03-26,SYN-PF-21,prop_force,17,kN,0,
13,2026-03-26,SYN-PF-22,prop_force,18,kN,0,
13,2026-03-26,SYN-PF-23,prop_force,17,kN,0,
13,2026-03-26,SYN-PF-24,prop_force,17,kN,0,
13,2026-03-26,SYN-PF-25,prop_force,17,kN,0,
13,2026-03-26,SYN-PF-26,prop_force,17,kN,0,
13,2026-03-26,SYN-PF-27,prop_force,17,kN,0,
13,2026-03-26,SYN-PF-28,prop_force,18,kN,0,
13,2026-03-26,SYN-TH-01,top_h_disp,11.2,mm,0,
13,2026-03-26,SYN-TH-02,top_h_disp,11.1,mm,0,
13,2026-03-26,SYN-TH-03,top_h_disp,21.2,mm,0,
13,2026-03-26,SYN-TH-04,top_h_disp,10.6,mm,0,
13,2026-03-26,SYN-TH-05,top_h_disp,10.7,mm,0,
13,2026-03-26,SYN-TH-06,top_h_disp,10.7,mm,0,
13,2026-03-26,SYN-TH-07,top_h_disp,10.9,mm,0,
13,2026-03-26,SYN-TH-08,top_h_disp,10.9,mm,0,
13,2026-03-26,SYN-TH-09,top_h_disp,11.2,mm,0,
13,2026-03-26,SYN-TH-10,top_h_disp,11.1,mm,0,
13,2026-03-26,SYN-TH-11,top_h_disp,11.0,mm,0,
13,2026-03-26,SYN-TH-12,top_h_disp,11.3,mm,0,
13,2026-03-26,SYN-TH-13,top_h_disp,11.2,mm,0,
13,2026-03-26,SYN-TH-14,top_h_disp,11.3,mm,0,
13,2026-03-26,SYN-TH-15,top_h_disp,10.7,mm,0,
13,2026-03-26,SYN-TH-16,top_h_disp,11.2,mm,0,
13,2026-03-26,SYN-TH-17,top_h_disp,11.3,mm,0,
13,2026-03-26,SYN-TH-18,top_h_disp,30.0,mm,0,
13,2026-03-26,SYN-TH-19,top_h_disp,11.3,mm,0,
13,2026-03-26,SYN-TH-20,top_h_disp,10.8,mm,0,
13,2026-03-26,SYN-TH-21,top_h_disp,10.9,mm,0,
13,2026-03-26,SYN-TH-22,top_h_disp,10.9,mm,0,
13,2026-03-26,SYN-TH-23,top_h_disp,10.6,mm,0,
13,2026-03-26,SYN-TH-24,top_h_disp,11.2,mm,0,
13,2026-03-26,SYN-TH-25,top_h_disp,10.8,mm,0,
13,2026-03-26,SYN-TH-26,top_h_disp,10.8,mm,0,
13,2026-03-26,SYN-TH-27,top_h_disp,10.8,mm,0,
13,2026-03-26,SYN-TH-28,top_h_disp,10.5,mm,0,
13,2026-03-26,SYN-TV-01,top_v_disp,9.0,mm,0,
13,2026-03-26,SYN-TV-02,top_v_disp,8.8,mm,0,
13,2026-03-26,SYN-TV-03,top_v_disp,8.6,mm,0,
13,2026-03-26,SYN-TV-04,top_v_disp,8.8,mm,0,
13,2026-03-26,SYN-TV-05,top_v_disp,8.5,mm,0,
13,2026-03-26,SYN-TV-06,top_v_disp,8.5,mm,0,
13,2026-03-26,SYN-TV-07,top_v_disp,15.0,mm,0,
13,2026-03-26,SYN-TV-08,top_v_disp,8.5,mm,0,
13,2026-03-26,SYN-TV-09,top_v_disp,8.7,mm,0,
13,2026-03-26,SYN-TV-10,top_v_disp,8.3,mm,0,
13,2026-03-26,SYN-TV-11,top_v_disp,8.7,mm,0,
13,2026-03-26,SYN-TV-12,top_v_disp,8.3,mm,0,
13,2026-03-26,SYN-TV-13,top_v_disp,8.7,mm,0,
13,2026-03-26,SYN-TV-14,top_v_disp,8.6,mm,0,
13,2026-03-26,SYN-TV-15,top_v_disp,8.6,mm,0,
13,2026-03-26,SYN-TV-16,top_v_disp,8.7,mm,0,
13,2026-03-26,SYN-TV-17,top_v_disp,8.8,mm,0,
13,2026-03-26,SYN-TV-18,top_v_disp,8.8,mm,0,
13,2026-03-26,SYN-TV-19,top_v_disp,9.1,mm,0,
13,2026-03-26,SYN-TV-20,top_v_disp,8.7,mm,0,
13,2026-03-26,SYN-TV-21,top_v_disp,9.1,mm,0,
13,2026-03-26,SYN-TV-22,top_v_disp,8.9,mm,0,
13,2026-03-26,SYN-TV-23,top_v_disp,8.7,mm,0,
13,2026-03-26,SYN-TV-24,top_v_disp,8.5,mm,0,
13,2026-03-26,SYN-TV-25,top_v_disp,8.8,mm,0,
13,2026-03-26,SYN-TV-26,top_v_disp,9.2,mm,0,
13,2026-03-26,SYN-TV-27,top_v_disp,8.8,mm,0,
13,2026-03-26,SYN-TV-28,top_v_disp,8.8,mm,0,
13,2026-03-26,SYN-WL-01,water_level,0.50,m,0,
13,2026-03-26,SYN-WL-02,water_level,0.51,m,0,
13,2026-03-26,SYN-WL-03,water_level,0.49,m,0,
13,2026-03-26,SYN-WL-04,water_level,0.49,m,0,
13,2026-03-26,SYN-WL-05,water_level,0.50,m,0,
13,2026-03-26,SYN-WL-06,water_level,0.51,m,0,
13,2026-03-26,SYN-WL-07,water_level,0.53,m,0,
13,2026-03-26,SYN-WL-08,water_level,0.51,m,0,
13,2026-03-26,SYN-WL-09,water_level,0.49,m,0,
13,2026-03-26,SYN-WL-10,water_level,0.48,m,0,
13,2026-03-26,SYN-WL-11,water_level,0.52,m,0,
13,2026-03-26,SYN-WL-12,water_level,0.49,m,0,
13,2026-03-26,SYN-WL-13,water_level,0.52,m,0,
13,2026-03-26,SYN-WL-14,water_level,0.48,m,0,
13,2026-03-26,SYN-WL-15,water_level,0.50,m,0,
13,2026-03-26,SYN-WL-16,water_level,0.49,m,0,
13,2026-03-26,SYN-WL-17,water_level,0.51,m,0,
13,2026-03-26,SYN-WL-18,water_level,0.49,m,0,
13,2026-03-26,SYN-WL-19,water_level,0.51,m,0,
13,2026-03-26,SYN-WL-20,water_level,0.50,m,0,
13,2026-03-26,SYN-WL-21,water_level,0.49,m,0,
13,2026-03-26,SYN-WL-22,water_level,0.48,m,0,
13,2026-03-26,SYN-WL-23,water_level,0.50,m,0,
13,2026-03-26,SYN-WL-24,water_level,0.50,m,0,
13,2026-03-26,SYN-WL-25,water_level,0.51,m,0,
13,2026-03-26,SYN-WL-26,water_level,0.50,m,0,
13,2026-03-26,SYN-WL-27,water_level,0.48,m,0,
13,2026-03-26,SYN-WL-28,water_level,0.52,m,0,
